p_val,avg_logFC,pct.1,pct.2,p_val_adj,cluster,gene,ID
0.000568745092328094,-0.336924998893266,1,1,1,2,Myd88,17874
0.00255199667532341,0.490253942116591,1,1,1,2,Dmd,13405
0.00885313599443878,0.500046809245662,1,1,1,0,Ldlr,16835
1.24984687303816e-05,1.04386140964148,1,1,0.234921218256252,2,App,11820
0.000102193541258949,-0.525497457300408,1,1,1,2,Cdh1,12550
0.00045280399749863,0.319590618571106,1,1,1,1,Psen1,19164
0.00184165745605728,0.768031759028006,1,1,1,0,Mki67,17345
0.00113223808465195,0.309160155688286,1,1,1,2,Egfr,13649
0.00901136123903772,0.423983106456276,1,1,1,1,Cdkn1a,12575
9.55856630765633e-06,-1.03186682041751,1,1,0.179662812318708,2,Ahr,11622
0.000700113589496136,-0.28602021294331,1,1,1,0,Mapk3,26417
0.00477426724748055,-0.259365381222673,1,1,1,2,Rac1,19353
0.00401996455688391,0.346682753815459,1,1,1,0,Smad3,17127
0.00260195581165214,0.68995353319747,1,1,1,0,Icam1,15894
9.94216336611151e-06,0.335602261186281,1,1,0.186872902629432,2,P2rx7,18439
0.000311658804680307,-0.74438225519453,1,1,1,2,Ifngr1,15979
0.00103614146555971,0.29949699148967,1,1,1,0,Ntrk2,18212
0.00599461517578429,0.703597763600852,1,1,1,0,Fgfr2,14183
2.92616844223206e-05,0.616697340885149,1,1,0.550002620401937,2,Mitf,17342
0.0049876274524379,0.385790049997363,1,1,1,1,Erbb2,13866
0.00581457762463638,0.265786952834262,1,1,1,0,Tgfbr2,21813
0.0016657846587656,0.688522120248174,1,1,1,1,Cebpa,12606
0.00735381278263907,-0.574669744214598,0.667,1,1,2,Il33,77125
0.00496056011579692,-0.304796269935424,1,1,1,1,Gli3,14634
0.00228892955470249,-0.50052346012978,1,1,1,2,Gata3,14462
0.000845604079732835,1.38632929046328,1,1,1,2,Chat,12647
0.000375458122815593,0.704477235761848,1,1,1,2,Nfatc1,18018
0.00209720345807337,-0.470375219049327,1,1,1,2,Il4ra,16190
0.000594646759524256,-0.771340589541112,1,1,1,2,Egr2,13654
0.0071430508139688,-0.940927873951405,1,1,1,2,Adrb2,11555
0.00277621669978671,-0.365017374734932,1,1,1,2,Bmp7,12162
0.000519343468087561,-0.673969404371233,1,1,1,2,Rora,19883
0.00458052957713191,-0.896188877429283,1,1,1,2,Ucp2,22228
0.00557674366964696,0.577514518062548,1,1,1,0,Nod2,257632
0.00385590268004139,1.38430729704907,1,1,1,2,Lgr5,14160
0.00926768466138818,-1.39542786976289,1,1,1,1,Sparc,20692
0.00838036134905765,1.41056531414398,1,1,1,0,Thbs1,21825
0.0024745761847609,-0.942129659931934,1,1,1,2,H2-K1,14972
0.00229630155696,-0.560260299548604,1,1,1,0,Hr,15460
0.00792924134208949,0.587907120206537,1,1,1,1,Ptgs1,19224
0.000453019260288357,0.928462416581514,1,1,1,2,Id2,15902
0.000132771303167799,-0.405053644292176,1,1,1,2,F2rl1,14063
0.00600294332166036,-0.261909940968097,1,1,1,2,Ghr,14600
3.9644006022753e-05,0.869474856818967,1,1,0.745148737203665,2,Pkd1,18763
0.00125546468735059,0.356632110239486,1,1,1,0,Il6st,16195
0.00861089609261398,0.595170206854381,1,1,1,1,Ache,11423
0.00264414027000032,-0.778872245017116,1,1,1,2,H2-D1,14964
0.000379962099368935,-0.356031912498733,1,1,1,2,Ptpn1,19246
0.00826854057015908,-0.501317149082745,1,1,1,2,Sphk1,20698
0.00320235801957882,-0.504110649449549,1,1,1,2,Bcl11b,58208
1.4919185277419e-05,-0.500768736372789,1,1,0.280421006474368,2,Tap1,21354
0.00434481652779626,-1.54978801601759,1,1,1,2,Scd1,20249
0.00718767757878296,0.304007089647104,1,0.667,1,2,Kcnma1,16531
0.00730806311541338,0.432665089877458,1,1,1,0,Srf,20807
0.00693508039043256,-0.738405215888436,1,1,1,0,Id1,15901
0.000595607315091414,-0.586906779818119,1,1,1,2,Rel,19696
0.000576239877456787,-0.523608900068105,1,1,1,2,Cux1,13047
0.000531319098475116,0.555942560634765,1,1,1,0,Ptges,64292
8.02716532961767e-06,1.12640269594307,1,1,0.150878599535494,2,Nt5e,23959
0.00151516724982751,0.748171886368959,1,1,1,1,Notch3,18131
0.000588420244100696,-0.66075528523489,1,1,1,2,Ptger4,19219
0.00694632455813644,-0.442768787523219,1,1,1,2,Cbs,12411
0.000100867055439504,0.363294182930193,1,1,1,2,Cd47,16423
0.00490196127194255,1.12389720130349,1,1,1,0,Mt2,17750
0.00198615564502293,-0.672468426408015,1,1,1,1,Mmp14,17387
0.000515601254505072,-0.414229675350252,1,1,1,2,Il1rn,16181
0.000291527239221762,-0.339873520684572,1,1,1,0,Cat,12359
0.00069349614440406,2.79470316110165,1,1,1,2,Postn,50706
2.32137593714438e-07,1.80223897724094,1,1,0.00436325821145657,2,Lhx2,16870
0.00143906798726672,0.260804687152127,1,1,1,0,Ripk3,56532
0.000580182308349758,0.322661620275848,1,1,1,0,Qk,19317
0.000998778880503093,0.364617087473642,1,1,1,1,Slc12a2,20496
0.000469665268460114,2.56819686114479,1,1,1,2,Cd34,12490
1.85500379999316e-07,2.0943320395759,1,1,0.00348666514246714,2,Tbx1,21380
0.00440731028230691,1.15074342395424,1,1,1,2,Id3,15903
0.000970818045822508,0.273976357754917,1,1,1,0,Relb,19698
1.38374566167523e-06,0.757235385460673,1,1,0.0260088834568477,2,Nog,18121
0.00797798189778244,0.427419941657208,1,1,1,2,Itpr3,16440
0.00289904677145401,-0.584048688586393,1,1,1,2,Slc9a1,20544
0.00850993252798359,0.269578880187049,1,1,1,2,Pkd2,18764
0.0075853554096133,0.389667153378123,1,1,1,2,Vangl2,93840
4.45362060867679e-05,-0.701478914808183,1,1,0.83710252960689,2,Mafb,16658
0.00251195404990305,-0.589379316388576,1,1,1,2,Nfkb2,18034
0.000211377000034567,-1.78539576166038,1,1,1,2,Tnfaip3,21929
0.00772735466082472,-0.554827354102965,0.667,1,1,2,Wnt3,22415
0.00848180824925495,-0.39221801338997,1,1,1,0,Ctsd,13033
0.00527217506540563,-0.333800509290833,1,1,1,2,Arrb1,109689
0.00247783649174665,-1.14422745939775,1,1,1,2,Arc,11838
0.0013574665318718,-0.256815453994239,1,1,1,2,Nod1,107607
0.000318194104694225,-0.314700164496014,1,1,1,1,Lamc1,226519
0.00112103373228274,2.01941287677678,1,1,1,1,Krt10,16661
0.0063806236083073,0.396116451627014,1,1,1,0,Klf2,16598
0.00576814545223451,0.282096641772913,1,1,1,2,Lrp6,16974
1.34221483817402e-07,1.45472452271375,1,1,0.00252282700983189,2,Ptn,19242
0.00914694168016982,-0.534122396027617,1,1,1,2,Mst1r,19882
0.000553806735137959,-0.607993470187618,1,1,1,2,Glul,14645
9.7172050548459e-05,0.948060193351072,1,1,1,2,Gfra1,14585
0.00469773656289176,-1.46267814496364,1,1,1,1,Col18a1,12822
0.000226017049354942,0.434803034148297,1,1,1,0,Cblb,208650
0.003984323098463,1.13723686524503,1,1,1,0,Igfbp3,16009
0.00590241235687374,0.479316026530574,1,1,1,2,Hspb1,15507
0.000358489138017984,-0.278699739309283,1,1,1,2,Pgk1,18655
0.00392991648249646,-0.426160662216536,1,1,1,1,Pxn,19303
0.00716660738948469,0.733927475693219,1,1,1,2,Cadm1,54725
0.000137653458896449,0.443105670193439,1,1,1,2,Efnb1,13641
0.00861608983570107,1.24231403340146,1,1,1,2,Timp2,21858
0.000293898214910576,-0.447987523495084,1,1,1,2,Jak1,16451
0.0044974063828125,0.396420010638817,1,1,1,2,Ephb4,13846
0.00116316734593779,0.550948458944331,1,1,1,2,Txn1,22166
0.00407614827548608,0.495545286996118,1,1,1,0,Robo1,19876
0.00703370278250141,0.384984783186166,1,1,1,2,Mme,17380
0.00351330942445638,0.387744077637677,1,1,1,2,Maf,17132
0.0085836613420889,-0.909469954285261,1,1,1,2,Fabp5,16592
2.80390313753752e-05,-0.586061055060656,1,1,0.527021633731552,2,Abcc1,17250
0.00266863898142104,-0.25787707143952,1,1,1,2,Rab27a,11891
0.00149590802905775,-0.778427526556359,1,1,1,2,Klf5,12224
0.000127396785593984,1.61251108943683,1,1,1,2,Col6a1,12833
0.00167277712835009,0.522093560057317,1,1,1,2,Nfat5,54446
0.00229689983407497,0.705171650787594,1,1,1,0,Ets2,23872
0.000229674516814241,0.309085763862418,1,1,1,2,Hoxa5,15402
0.00298877228715601,-0.718947390948861,1,1,1,2,Cd55,13136
0.00123744230634545,0.375171543352573,1,1,1,0,Cfl1,12631
0.00202779548930381,-0.422171114865602,1,1,1,2,Diaph1,13367
0.00924129957388632,0.509757783169845,1,1,1,0,Il6ra,16194
0.000240062426447676,-0.588940161536989,1,1,1,0,Gsn,227753
0.00640187418934799,1.11951301376719,1,1,1,2,Adcy1,432530
0.00540588138721863,-0.299605734672676,1,1,1,1,Bcr,110279
0.00657400751151245,-0.275147007395792,1,1,1,2,Fbxw7,50754
0.00391915318543289,0.274954756084512,1,1,1,0,Nrip1,268903
0.00470444576999468,-0.390697026705127,1,1,1,2,Arf6,11845
0.00158860053933205,0.700085712361751,1,1,1,0,Flna,192176
0.000138628393793478,0.623383255506567,1,1,1,2,Aqp3,11828
0.00583358930662115,-0.272158715565871,1,1,1,2,Slc9a3r1,26941
0.00645457112323743,-0.30650930348369,1,1,1,2,Hmga1,15361
0.00334569505770331,0.530258285218359,1,1,1,1,Grhl3,230824
0.00381648325033574,0.610532621622808,1,1,1,2,Scx,20289
0.00480939072343071,-0.407243949555278,1,1,1,2,Stmn1,16765
0.00790113281953993,0.394571466205089,1,1,1,2,Nedd4,17999
0.000189571831673325,0.278772535898606,1,1,1,0,Lgals9,16859
0.000663463872130182,0.552456318842921,1,1,1,1,Me1,17436
0.00244266097308278,-0.517334537204373,1,1,1,2,Tsc22d3,14605
0.000333170542627404,0.276870387146041,1,1,1,0,B4galt1,14595
0.000308555445164092,0.483826455195025,1,1,1,0,Wwtr1,97064
9.22789595902226e-05,-0.278661777330132,1,1,1,2,Ksr1,16706
0.00806436293742969,-0.255710243633378,1,1,1,2,Il12rb2,16162
0.00382534865209033,-0.554055044231096,1,1,1,2,Hdac5,15184
0.00116725782210938,-0.456834507799279,1,1,1,2,Cdk6,12571
0.00212016287020464,-0.333619249994146,1,1,1,2,Ago2,239528
1.02007537031571e-05,0.324446286477509,1,1,0.191733366604542,2,Hoxb8,15416
0.00049256053171823,-0.33799780535033,1,1,1,2,Pmaip1,58801
0.00407266997315027,0.415816692031738,1,1,1,2,Jund,16478
0.000320411505527037,-0.398334082493985,1,1,1,2,Cxcl16,66102
0.000116318244424377,-0.836839727176643,1,1,1,2,Cldn1,12737
0.00432956298022551,1.94509763719058,1,1,1,1,Krt1,16678
0.00028319239808288,0.52414978150933,1,1,1,2,Lgr4,107515
0.0046838596735808,1.14464576878672,1,1,1,0,Bhlhe40,20893
0.00228460208307522,-0.304091640707714,1,1,1,0,Btg2,12227
0.000115680463241445,0.479736496794584,1,1,1,2,Capn2,12334
0.00204099977799326,-0.312057982156744,1,1,1,2,Bcl10,12042
0.0085978871791136,0.339074570453393,1,1,1,2,Tpm1,22003
8.26466012513154e-05,-0.259591886795292,1,1,1,2,Lmnb1,16906
0.00162475174001922,0.532284002786028,1,1,1,0,Map2k3,26397
0.000433176208379339,0.315747761015775,1,1,1,2,Hoxa7,15404
0.000103741985941921,-1.02073125756672,1,1,1,2,Sema3f,20350
0.00175457068717527,-0.69726906512966,1,1,1,0,Ank,11732
0.000111806195595396,0.356551279349901,1,1,1,2,Fstl1,14314
0.00674684156930035,0.576609350666013,1,1,1,2,Tcf12,21406
0.000123172386651299,0.795409016289812,1,1,1,2,Slc29a1,63959
0.000663124725488079,-1.29475440099246,1,1,1,1,Slc6a6,21366
0.000113307014917404,-0.656640649621084,1,1,1,2,Chl1,12661
0.00209664186932151,1.47817667256638,1,1,1,2,Plxna2,18845
2.83641165164409e-05,-0.278255871596915,1,1,0.533131934043024,2,Abcc4,239273
0.000533682426399863,0.539086022273929,1,1,1,2,Smarca2,67155
0.00853853693610272,-0.40714523629506,1,1,1,2,Birc3,11796
0.00105356803413624,-0.357904960967703,1,1,1,2,Tet3,194388
5.86431932437784e-06,0.52808194062147,1,1,0.110225746021006,2,Hoxb6,15414
0.000197429102927942,-0.293561857638535,1,1,1,1,Myo1c,17913
0.000189338063522807,-0.908666593038913,1,1,1,2,Tfap2c,21420
6.39954511188079e-06,-0.706536025462999,1,1,0.120285849922911,2,Zc3h12a,230738
0.00180335175312972,0.435657107276461,1,1,1,2,Sptbn1,20742
0.00637239662462209,0.27828464889445,1,1,1,0,Map1lc3b,67443
0.00822579115466685,-0.262708855628105,1,1,1,0,Itgb5,16419
0.00166874715950921,-0.325875733029515,1,1,1,2,Fbxo32,67731
0.000646122306023244,-0.325985512405658,1,1,1,2,Vav3,57257
0.00275293213200569,-0.522576043594295,1,1,1,2,Ikbke,56489
0.00221527205368072,0.594280922034222,1,1,1,1,Cyp27a1,104086
0.000275481133612328,0.481799650733523,1,1,1,2,Adarb1,110532
0.00198085517356944,-0.29421058898364,1,1,1,2,Jarid2,16468
0.000937893280138687,-0.290619665019652,1,1,1,2,Anxa7,11750
0.00249358939492649,-0.34175066798342,1,1,1,1,Abl2,11352
0.00108389045950856,-0.428050787234362,1,1,1,2,Ctsc,13032
0.000328186675990986,-0.250318494122007,1,1,1,2,Abhd5,67469
0.00070459078854835,0.573149604625286,1,1,1,2,Ptprf,19268
0.00611928099553967,-0.310765103311367,1,1,1,2,H2afz,51788
0.00660457974617822,0.303065729319766,1,1,1,0,Dot1l,208266
0.000605397994808833,-1.01925683893126,1,1,1,2,Sat1,20229
0.00132967851578956,-0.315240292632038,1,1,1,2,Satb1,20230
0.000996303269092475,-0.392932068511912,1,1,1,2,Tgfbr3,21814
0.00177640621895218,0.734339303365273,1,1,1,1,Elovl4,83603
0.00931955466667875,-0.948393331659866,1,1,1,2,Cldn4,12740
0.000647778315137336,0.317742829456003,1,1,1,2,Sdc2,15529
8.74618108829561e-05,0.32330257941082,1,1,1,2,Id4,15904
0.00371998247777079,0.67169147590576,1,1,1,0,Ifitm3,66141
0.00131484151573066,-0.718013675778291,1,1,1,2,Mgll,23945
0.00748636724521768,0.279240046231934,1,1,1,2,Grip1,74053
4.54865280234307e-05,-0.630970567247519,1,1,0.854964780728403,2,Hcar2,80885
0.0029425374478415,0.289994517084964,1,1,1,2,Sgk3,170755
0.0014885956386031,1.32928325298616,1,1,1,2,S100a6,20200
0.00232595426648545,-0.544696401462754,1,1,1,2,Hmgn1,15312
0.000460457940356269,0.291898919998877,1,1,1,2,Cd151,12476
0.00359662239323966,0.634079152303289,1,1,1,2,Enah,13800
0.00395936448475202,-0.527562456024348,1,1,1,2,Chd7,320790
0.000938593242421712,0.252518981407999,1,1,1,0,Myo10,17909
0.000158408709502848,-0.580674817316895,1,1,1,2,Atp2b4,381290
0.00139639135989681,-0.864717432918017,1,1,1,2,Nfkbiz,80859
0.00795839399239057,-0.472905164237556,1,1,1,1,Cdon,57810
0.00579278214441855,0.681393490883221,1,1,1,0,Pde4b,18578
0.000544650539748156,0.433528932010731,1,1,1,2,Cirbp,12696
1.78895160513815e-07,0.338858465887258,1,1,0.00336251343701767,2,Nrcam,319504
0.0023586600015211,-0.535734225871155,1,1,1,0,Efna3,13638
0.00841002933404159,0.664611823945028,1,1,1,2,Il11ra1,16157
0.00526063223053463,-0.326475357358174,1,1,1,2,Rap1b,215449
0.00946282280937603,-0.335947926192197,1,1,1,1,Cdc25b,12531
0.00953171010934699,-0.336970147712477,1,1,1,2,Cyp51,13121
0.00713175339040224,0.309730340260463,1,1,1,2,Hoxb9,15417
0.00187033252586475,-0.311778693154289,1,1,1,2,Mycl,16918
0.00427311641833256,1.33351966499594,1,1,1,0,Tnxb,81877
0.00417205218968844,-0.306368995266715,1,1,1,1,Cacnb3,12297
0.00978588841981525,-0.272531223527948,1,1,1,2,Wasf2,242687
0.00574156033917694,0.441014631388096,1,1,1,1,Cstb,13014
0.00700477462420246,-0.790278767409278,1,1,1,2,Aldh3a1,11670
0.0053115764865888,-0.933737626899158,1,1,1,2,Lrp4,228357
0.00259482607082042,0.317040605999715,1,1,1,2,Apbb1,11785
0.00601202864998193,0.479095876412,1,1,1,0,Il13ra1,16164
0.000221047343552323,-0.320738739858619,1,1,1,2,Slc7a1,11987
0.007248549993647,0.396118598881585,1,1,1,0,Pabpc1,18458
0.00961059443461105,0.518882558077313,1,1,1,2,Maged1,94275
0.00610155000925486,-0.712843577010591,1,1,1,2,Adgrg1,14766
0.0026327558140655,0.275090786505421,1,1,1,2,Ubb,22187
0.00549525538427056,0.364629995170689,1,1,1,0,Bmp1,12153
0.00217641059258242,-0.430348079829703,1,1,1,2,Tjp2,21873
2.30529618658395e-05,-1.93186501070038,1,1,0.433303471230319,2,Serpinb2,18788
0.00178265351435532,0.740074415367386,1,1,1,2,Fzd7,14369
0.000892479503272666,-0.394330153322132,1,1,1,2,Ptpn13,19249
0.00112235745082472,-0.352928147845945,1,1,1,2,Tbc1d1,57915
0.00615664921487639,0.681483540475422,1,1,1,0,Ifi202b,26388
0.00518813876767873,0.456056404501256,1,1,1,1,Dgat2,67800
3.3031245696196e-05,-0.439829259576716,1,1,0.620855294105699,2,Cish,12700
0.00916324721651085,0.323315412707969,1,1,1,1,Sox7,20680
0.00189116112587916,0.67416506475718,1,1,1,1,Acsl1,14081
0.000481642843797901,-0.481388103968095,1,1,1,2,Tpm3,59069
0.00831257445551459,0.261856721842968,1,1,1,2,Pura,19290
0.00182283548847166,-0.336173847855842,1,1,1,2,Mark2,13728
0.000715539978771319,0.335297392141819,1,1,1,1,Kdm5b,75605
0.00163261933543555,0.449681334476611,1,1,1,2,Lmo1,109594
0.000410998784503807,-0.863326002223015,1,1,1,2,Lrig1,16206
0.00389456352458786,0.813479631096458,1,1,1,2,Macf1,11426
0.00525170130608444,-0.337598736658872,1,1,1,0,Bag1,12017
0.00134187071123047,-0.258190969074782,1,1,1,2,Slc31a1,20529
0.009303206040139,0.27079659294885,1,1,1,2,Slc20a2,20516
0.00848295863676895,-0.463062291686994,1,1,1,2,Il1r2,16178
0.0063903910140324,-0.934624808417172,1,1,1,2,Tnfrsf19,29820
0.0045041471687207,0.279197690602631,1,1,1,0,Cacna2d2,56808
0.00255593551775362,0.806163011161896,1,1,1,2,Ephx1,13849
0.00691887128622019,-0.48713698577844,1,1,1,2,Apoc1,11812
0.00322848144237391,-0.324578161490739,1,1,1,2,Hmgb2,97165
0.0059471961527683,-0.263370951584891,1,1,1,2,Slc15a2,57738
0.000196622865506146,-0.646676053031862,1,1,1,2,Ikzf2,22779
0.0033646983881468,0.276327752107413,1,1,1,0,Sh3bp2,24055
0.00828434842900075,-0.32243208751667,1,1,1,2,Edaradd,171211
0.000269566934667808,0.275950041762335,1,0.833,1,0,Wnt16,93735
0.00868609165707046,0.367506340579453,1,1,1,2,Anxa6,11749
0.00159155383747382,-0.489890148362905,1,1,1,2,Clip1,56430
3.14978205416882e-06,-0.407077058943596,1,1,0.0592033034901571,2,Tle3,21887
1.49605385199617e-05,0.422905215341648,1,1,0.281198282021201,2,Cacnb1,12295
0.00101400909413506,0.299636514365523,1,1,1,2,Zyx,22793
0.00257546838411213,-0.383165544992075,1,1,1,2,Unc13d,70450
0.00937992777972612,-0.263279489379968,1,1,1,2,Klf3,16599
0.000384631015504041,-0.444009636342168,1,1,1,2,Elf3,13710
0.00503386846216158,-0.289869576644224,1,1,1,1,Syne2,319565
0.00230559270257743,0.400548613728669,1,1,1,0,Gpc1,14733
0.00697049342547576,0.50247564764978,1,1,1,2,Gpsm2,76123
0.000107605888222989,0.317328797262752,1,1,1,2,Ophn1,94190
0.00178309789111096,-0.376878226460169,1,1,1,0,Ephb6,13848
0.00492208202822582,1.09837745686498,1,1,1,1,Dsg1a,13510
0.00324881735630955,-0.276285384130272,1,1,1,2,Epb41l2,13822
0.00233441573420545,0.448001574088232,1,1,1,1,5-Sep,18951
0.000371899099690164,0.447739916766483,1,1,1,2,Slc4a3,20536
0.00286289101602272,0.256370769298555,1,1,1,2,Hoxc13,15422
0.00844888754863448,0.598991739593428,1,1,1,0,Tsc22d1,21807
0.000684324710311451,0.562246207974715,1,1,1,1,Rhbdf2,217344
0.00293574080005722,0.871011725614644,1,1,1,2,Col6a2,12834
0.000743924010839397,-1.3240435646173,1,1,1,2,Krt16,16666
0.00804842926349812,0.341270244891633,1,1,1,0,Spred2,114716
0.00728554595496748,0.537709374388025,1,1,1,0,Slc22a4,30805
2.24467364810525e-05,-0.355391073880389,1,1,0.421908858897863,2,Csnk1a1,93687
0.00993937635467428,-0.937495761096256,1,1,1,1,Ltbp4,108075
0.00320227220598751,-0.282792762800451,1,1,1,2,Aldoa,11674
0.000457573309611926,-0.52750267538074,1,1,1,2,Tollip,54473
0.00920465729284172,0.90345257748259,1,1,1,2,Myh14,71960
0.00693614474482312,-0.485820711996174,1,1,1,2,Lgals7,16858
0.00722369165953448,0.554886620350056,1,1,1,2,Pfn2,18645
0.00223185913913943,-0.423127548934638,1,1,1,2,Il34,76527
0.000197131963615234,-0.386452745947552,1,1,1,2,Cerk,223753
0.0032556628193849,-0.354256700835281,1,1,1,2,Nat8l,269642
0.00252819536140664,0.344952598479166,1,1,1,1,Slc6a8,102857
0.00150786482705215,0.721648813875526,1,1,1,2,Kidins220,77480
0.00651825972989623,-0.25002312312555,1,1,1,0,Adam15,11490
3.32425937077114e-06,1.01041711445647,1,1,0.0624827791330144,2,Ltbp3,16998
0.00837547283403225,-0.275586716663038,1,1,1,2,Rlim,19820
0.00134299024271463,-0.924612737902639,1,1,1,2,Nlrc5,434341
0.00278025111658854,-0.393444751391679,1,1,1,2,Rangap1,19387
5.86302261231872e-05,-0.331416595650179,1,1,1,2,Mycbp2,105689
0.00454017041870318,0.411462356004673,1,1,1,1,Prdx5,54683
0.000143638701940527,-0.456586870602075,1,1,1,2,Herpud1,64209
0.00304663131993497,-0.660842610664703,1,1,1,2,Ripk4,72388
0.00137493993637705,-0.29476143245614,1,1,1,2,Dffa,13347
0.00593917243782579,-0.384412656289132,1,1,1,0,S1pr5,94226
0.00735565518235208,-0.31986694736566,1,1,1,2,Stom,13830
0.000981302844564008,-0.623455209052996,1,1,1,2,Pou2f3,18988
0.00327328994836608,-0.315508107226606,1,1,1,2,Slc25a5,11740
0.000699965979478775,1.72252053493421,1,1,1,2,Col8a2,329941
0.00643455289275705,0.499677512745789,1,1,1,1,Perp,64058
0.00198483185748352,-0.38576654078755,1,1,1,2,Gas5,14455
0.00363337058388101,-0.324070083608518,1,1,1,2,Rnf4,19822
0.0054261581499107,0.250370430831193,1,1,1,2,Sdcbp,53378
0.00123588433664248,-0.510030116919124,1,1,1,2,H3f3b,15081
1.61227473857582e-06,-0.294077415875999,1,1,0.0303043159862711,2,Oxsr1,108737
0.000263679106060401,-0.807436035503849,1,1,1,2,Clca3a1,12722
0.00028743498221328,0.735290487359822,1,1,1,2,Ftl1,14325
0.00865227392986462,-0.275332844214002,1,1,1,2,Casp14,12365
0.00208580939821405,-0.302731544463034,1,1,1,2,Dbnl,13169
0.00559640551166372,0.44119095347155,1,1,1,2,Marcksl1,17357
0.0070253462298094,-0.257337646859422,1,1,1,2,Cap1,12331
0.0007011032820295,-0.524671657622466,1,1,1,2,Smox,228608
0.00116536097962687,-0.890908698323505,1,1,1,2,H2-Q7,15018
0.00647418900750641,-0.426808359735842,1,1,1,2,Eif6,16418
0.00133931446022173,0.514953282803703,1,1,1,1,Sptbn2,20743
0.0061069655907632,0.777720362682687,1,1,1,0,Plk2,20620
0.0085526791917678,0.284918125906565,1,1,1,0,Sema5a,20356
0.00254079827764999,0.295382809798943,1,1,1,0,Aff1,17355
0.00299321283297016,0.386915720176504,1,1,1,0,Ptk7,71461
0.00367329573208775,-0.62715072378069,1,1,1,2,Litaf,56722
0.000994500495480866,-0.366300511771294,1,1,1,2,Foxk1,17425
0.000883415101833045,-0.30868619849134,0.667,1,1,2,Arhgdib,11857
0.00232123085463198,1.03033115513907,1,1,1,2,Flnb,286940
0.000459909097805021,-0.375583915959357,0.667,1,1,2,Hlf,217082
0.000277429593751671,0.263466957347449,1,1,1,2,Ift172,67661
0.00308804009272833,-0.481158105556913,1,1,1,2,Acsl4,50790
0.0039294723616061,-0.312105724165959,1,1,1,1,Fpgs,14287
8.60442392328953e-05,0.383026110614436,1,1,1,2,Degs1,13244
8.89772479813697e-05,0.387880065668219,1,1,1,2,Hspa4l,18415
0.0054265064475639,0.380607200921809,1,1,1,2,Hoxd8,15437
0.00623278306582222,-0.289335309882878,1,1,1,2,Ap1b1,11764
0.00424831237419713,-0.419381626533232,1,1,1,2,Gpt,76282
0.00856569769991527,0.635185548306786,1,1,1,0,Ipmk,69718
3.04602445528444e-06,-0.7967788328611,1,1,0.0572530756615263,2,Rgcc,66214
0.00126439613600641,-0.503153387902825,1,1,1,2,Il17rc,171095
7.28370858621128e-06,-0.861840120095298,1,1,0.136904586586427,2,H2-Q4,15015
0.00828267142467379,0.420594346251853,1,1,1,2,Pdk2,18604
0.00227082188908487,0.505111005617468,1,1,1,1,Celsr2,53883
0.00166984141678698,0.876615982013438,1,1,1,2,Nbl1,17965
0.00782745050442936,-0.474633623573015,1,1,1,0,Barx2,12023
0.000528974409352047,-0.372641250067843,1,1,1,2,Efhd2,27984
0.00384043518507832,-0.517124225831606,1,1,1,2,Cers6,241447
0.00440397689696228,1.12286649715376,1,1,1,2,Slc38a2,67760
0.00579214985493291,0.29550320740867,1,1,1,1,Atp6v1b2,11966
0.00976377553830226,-0.521824558974929,1,1,1,1,Capg,12332
0.00126397105692907,0.375009055012879,1,1,1,2,Tiam2,24001
0.00190352269970702,-0.850315099958073,1,1,1,2,Ralgds,19730
6.84405824378224e-05,-0.485752072215029,1,1,1,2,Mapkapk3,102626
0.000646252512779206,0.751854097790018,1,1,1,2,Cyb5r3,109754
0.000237790109339582,-0.463699072129663,1,1,1,2,Cs,12974
0.000769424781417913,0.287187212761362,1,1,1,1,Insig2,72999
0.00558234668007157,-0.416955595388222,1,1,1,2,Tnip1,57783
0.00242799600246049,-0.607668804149039,1,1,1,2,Sema3d,108151
0.00109361480777791,-0.747878039389827,1,1,1,2,Apcdd1,494504
0.0074346663087821,0.429678520093341,1,1,1,0,Chst15,77590
0.00776599905964635,0.628480454610272,1,1,1,1,Ly6e,17069
0.000551996257914828,-0.275935471596291,1,1,1,2,Nckap1,50884
0.00111249534515109,1.76831648257575,1,1,1,2,Ecm1,13601
0.00693089505752586,0.372585004974637,1,1,1,0,Dlc1,50768
0.000159326557080624,1.18635007992235,1,1,1,2,Wwp2,66894
6.85504860040687e-05,-0.450772493056925,1,1,1,2,Eif5a,276770
0.00252488730569434,-0.497566903864969,1,1,1,1,Sh3pxd2a,14218
0.00384183543510128,0.436811304511278,1,1,1,2,Flrt2,399558
6.47818612615083e-05,-0.255840982923724,1,1,1,1,Thbs3,21827
0.000134394751794967,-0.533269400076896,1,1,1,2,Rasa3,19414
0.000269821695454844,-0.660578335069303,1,1,1,2,Scin,20259
0.00489921668159871,-0.42942298262185,1,1,1,2,Ptp4a1,19243
0.000792941997354677,-0.377663822748299,1,1,1,1,9-Sep,53860
0.00753812363559919,0.291426381418654,1,1,1,2,Ift57,73916
2.58156166270277e-05,0.446230057596247,1,1,0.485230330121612,2,Dixdc1,330938
0.000616114461695942,-1.2837191471327,1,1,1,2,Acsbg1,94180
1.96543255408742e-05,0.552934064486386,1,1,0.369422702866272,1,Sgpp1,81535
0.000847456722777275,0.276319595838809,1,1,1,0,Atp10a,11982
0.00461451929720952,-0.488421437240031,1,1,1,2,H2-Q5,15016
0.00604810330882024,-0.567895786396806,1,1,1,0,Atp13a2,74772
0.00174415767414738,-0.362364958466081,1,1,1,2,Tnk2,51789
0.000757665794224559,-0.381280981949696,1,1,1,2,Cobl,12808
0.000884947377602019,0.682294635027539,1,1,1,1,Grhl1,195733
1.53488908663517e-05,-0.427288894078968,1,1,0.288497752723946,2,Etv3,27049
9.60881467681446e-06,-1.2699088018579,1,1,0.180607280665405,2,Tacstd2,56753
0.000662688705583208,-0.256664715509445,1,1,1,0,Spint2,20733
0.00573893014839393,-0.625296434566686,1,1,1,2,Ivns1abp,117198
0.00276366144866748,-0.305424655741989,1,1,1,2,Upf1,19704
0.00393254317636492,0.443608992788916,1,1,1,2,Nxn,18230
0.00921052333414997,0.457309080088371,1,1,1,2,Pdlim3,53318
0.000624701453615909,-0.700254077909736,1,1,1,2,Mfsd2a,76574
0.00329402154497164,-0.930238919676432,1,1,1,2,H2-Q6,110557
0.000101350794605796,-0.2545041727028,1,1,1,2,Aebp2,11569
7.27247255726488e-05,0.258467679879039,1,1,1,2,Cul7,66515
0.00506659547648809,-0.426963345409772,1,1,1,2,Slc25a3,18674
0.00194995906089913,-0.629072934507964,1,1,1,2,Ppl,19041
0.00607064826260026,-0.682225260460573,1,1,1,2,Jmjd1c,108829
0.00120901435189523,0.284189872658554,1,1,1,2,Nkd1,93960
0.00231514549621834,0.468449360399616,1,1,1,1,Agpat3,28169
0.00748769614728877,0.467394706344483,1,1,1,2,Ehd2,259300
0.0068721814357595,-0.597512861283217,1,1,1,2,Cnn2,12798
8.08803829425687e-07,-1.91284015522822,1,1,0.0152022767778852,2,Ly6d,17068
0.000246010132432114,-0.424907056233344,1,1,1,2,Arpc2,76709
0.00126112125101337,0.288657848040615,1,1,1,2,Gprasp1,67298
0.00185093391730152,-0.396795754919295,1,1,1,2,Srgap2,14270
1.8529392389118e-05,0.44632093374891,1,1,0.348278459345862,2,Ddah2,51793
0.00073436728576656,-0.850586990859089,1,1,1,2,Fgfbp1,14181
0.000971132879225063,-0.300494044793032,1,1,1,2,Ak2,11637
0.00372591240508501,-0.368435077401711,1,1,1,2,Ehf,13661
0.0072324608949892,-0.299070580361649,1,1,1,0,Ablim1,226251
0.000817898755558782,-0.663508014553738,1,1,1,2,Il1rl2,107527
0.00280839059621454,-0.41195363116724,1,1,1,2,Tnfaip8,106869
0.000908213386257541,-0.272208097522633,1,1,1,2,Ncaph2,52683
0.00931256327139489,0.788758803042787,1,1,1,2,Clstn1,65945
0.00624589817439699,-0.332268089151073,1,1,1,0,Tuft1,22156
0.00476933938837945,-0.376248275451638,1,1,1,0,Pls3,102866
0.000613715515524065,-0.2510222096345,1,1,1,2,Vars,22321
0.00511331566092894,-0.284043902319393,1,1,1,2,Srcin1,56013
0.00541718851535228,-0.294749667145248,1,1,1,1,Plod1,18822
0.000313215835216222,0.394926355858463,1,1,1,1,Emp2,13731
4.61523725465293e-05,-0.346553984185673,1,1,0.867479994384565,2,Tspan5,56224
0.00215465574211896,-0.453276375685606,1,1,1,1,Bnc1,12173
0.00593678953434139,-0.305690036737235,0.667,1,1,2,Mmp28,118453
0.00605178626730438,0.371564315625761,1,1,1,1,Pdlim2,213019
5.5328973289956e-05,0.762615615082194,1,1,1,1,Abca12,74591
0.00461074346163076,-0.296414061278955,1,1,1,2,Ggct,110175
0.000631282788827256,-0.764711586817239,1,1,1,0,Camsap3,69697
2.03927135950569e-05,0.689911212856146,1,1,0.383301444732689,2,Arvcf,11877
0.00683912989826741,0.753216844465656,1,1,1,0,Card10,105844
3.24497973470692e-06,0.323713845482178,1,1,0.0609926390935514,2,Ngef,53972
0.00370760536346903,-0.401155593661809,1,1,1,2,Hmgcs1,208715
0.000885493358580506,-0.608880441797866,1,1,1,2,Atp1b3,11933
4.21239518853207e-06,0.577576369468707,1,1,0.0791761799636488,2,Sh3rf1,59009
0.00194409630375305,-0.257923793788564,1,1,1,2,Elovl1,54325
0.00201372465735136,0.388475200522101,1,1,1,2,Kcnj15,16516
0.00267499953100109,0.412267770102506,1,1,1,2,Mn1,433938
0.000191863849153437,0.552433210854233,1,1,1,2,Zmiz1,328365
0.00108045998216056,-0.508794360761299,1,1,1,2,Ptp4a2,19244
0.00532191835347362,0.294249791738848,1,1,1,2,Rai14,75646
0.000959737967881072,0.275405872847213,1,1,1,2,Clta,12757
0.00262535913230982,-0.302119702895833,1,1,1,2,Gan,209239
0.00651018598677625,-0.912817928027636,1,1,1,1,Bcam,57278
0.0027152273690367,0.39150218758899,1,1,1,1,Rdh12,77974
0.00159727143370382,0.51166574132658,1,1,1,1,Rab25,53868
0.000621759889958518,-0.368004747307856,1,1,1,2,Sipa1l1,217692
0.000493186677386993,-0.828489229556273,1,1,1,2,Clca2,229933
0.000508363149692907,0.30808141277843,1,1,1,2,Kcnh3,16512
0.00387084620828582,-0.485827035901668,1,1,1,2,Psat1,107272
0.00988774482108523,-0.25629368910673,1,1,1,2,Ipo7,233726
0.000388053225106946,-0.635003220145312,1,1,1,2,Dusp5,240672
0.000395619579832899,0.27619812778396,1,1,1,2,Rabac1,14470
1.05598562948959e-07,0.481613655010208,1,1,0.00198483058918862,2,Bnc2,242509
0.000486799283954227,1.18436314479364,1,1,1,1,Alox12e,11685
0.000170154424055989,0.381950524479837,1,1,1,1,Pgap1,241062
0.00656989267587933,-0.394101425046168,1,1,1,2,Tm4sf1,17112
0.00812584301013701,0.489984420231471,1,1,1,0,Ptgfrn,19221
3.41250807896892e-05,-1.68216287975938,1,1,0.641415018522999,2,Clca3a2,80797
0.00914125340799179,0.436848622846524,1,1,1,2,Phf1,21652
0.000218916183094636,-0.376689880122205,1,1,1,2,Tppp,72948
0.000322986655270754,-0.355546227450081,1,1,1,2,Nab1,17936
0.00378205918503788,0.285847934838086,1,1,1,2,Gnb1l,13972
0.00517523046581256,-0.465368141258149,1,1,1,0,Zfp185,22673
0.000512005239521048,0.272267976341143,1,1,1,2,Dynll2,68097
0.00089613950333459,0.286046612679097,1,1,1,2,Oaz2,18247
0.00113636171979085,-0.57502725662647,1,1,1,2,Plet1,76509
0.00391962732840353,-0.692591366434524,1,1,1,0,Sema4g,26456
0.000350131666132255,-0.408409737256735,1,1,1,2,Rnh1,107702
0.00117852469852061,-0.251883775925817,1,1,1,0,Papss1,23971
0.0069144000053668,0.699073322948793,1,1,1,1,Tmprss4,214523
0.00542854870345394,-0.306793974481119,1,1,1,2,Wwc1,211652
0.00954063796060851,-0.368414593711157,1,1,1,2,Cpd,12874
0.00374740883875841,0.300089798497748,1,1,1,2,Pcdh7,54216
8.01268740757669e-05,0.43685418109729,1,1,1,2,Ugdh,22235
0.00120859026135645,-0.431341418809189,1,1,1,2,8-Sep,20362
8.24110823121493e-05,0.362943404597509,1,1,1,2,Lrig3,320398
0.000102953755209946,-0.308580109035019,1,1,1,2,Skint1,639781
0.00578879168783606,-0.273244550655088,1,1,1,2,H2-T22,15039
3.18575397018094e-05,-0.318895196706043,1,1,0.59879431623521,2,Baz1a,217578
0.00110330911571945,-0.257068958369291,1,1,1,2,Mpzl2,14012
0.00721093604307437,0.265162738255736,1,1,1,1,Gstm5,14866
0.000150116831762852,0.399182836740652,1,1,1,0,Adgrb2,230775
0.0013476614760416,0.32280719260455,1,1,1,0,Arhgef3,71704
0.000765329787835458,0.296112164862631,1,1,1,2,Wdr35,74682
0.00127230501585875,-0.430974024793172,1,1,1,2,Rplp1,56040
0.00547749732536199,-0.526671651471381,1,1,1,2,Amotl1,75723
0.00510191777100588,0.566383161902669,1,1,1,2,Myo9a,270163
0.000428645672233555,-0.275408794380784,1,1,1,1,Plxdc1,72324
0.00907754818018975,-0.77959534952466,1,1,1,0,Pdzrn3,55983
0.00622858748066877,-0.250950686813065,1,1,1,2,Dgcr6,13353
0.00382502494133735,0.620023806268638,1,1,1,2,Tacc2,57752
0.000631838067553998,0.319878484611452,1,1,1,2,Zfp467,68910
0.00420673312919798,-0.305548072181499,1,1,1,2,Mcc,328949
0.00849091824052274,-0.266814722379398,1,1,1,1,Cib2,56506
0.00292678716210381,0.252051161347628,1,1,1,0,Ssbp2,66970
0.00422065250873064,-1.24745589609507,1,1,1,1,Tns1,21961
0.00096226110888398,0.389633176925439,1,1,1,1,Pkib,18768
0.00974958546238426,-0.288713010026796,1,1,1,2,Metrnl,210029
0.00804449912759007,0.279195191568896,1,1,1,2,Pfdn5,56612
0.00541866854341843,-0.408570492713935,1,1,1,2,Acsl5,433256
0.000517501782670463,0.55349109538708,1,1,1,1,Evpl,14027
9.9224007501748e-07,-0.485961541664711,1,1,0.0186501444500285,2,Nav2,78286
0.0077923801737895,-0.853065274030915,1,1,1,2,Chit1,71884
0.00422116675981044,0.39792572234361,1,1,1,2,Dnaja4,58233
0.000346450772434468,0.51141081285568,1,1,1,2,Plch2,269615
0.00847404249070556,-0.307317275714321,1,1,1,1,Plp2,18824
5.63321919206764e-05,-0.412363888805468,1,1,1,2,Ndfip2,76273
0.00922141620554912,0.570220877504264,1,1,1,1,Prom2,192212
0.000310099829223379,-0.579430058989435,1,1,1,2,Slc24a3,94249
0.00130168755673282,-0.271078543160423,1,1,1,2,Arih1,23806
0.00115026015144631,-0.345704049173074,1,1,1,0,Gcat,26912
0.000178901222177677,0.630083506202981,1,1,1,2,Setbp1,240427
0.00352654763433468,-0.317539933649724,1,1,1,2,Med14,26896
0.00211685819121745,0.373454365131522,1,1,1,2,Cyp2s1,74134
0.00540063397945096,0.79372222958917,1,1,1,2,Sdk2,237979
0.00274937236789478,0.363213038137891,1,1,1,1,Tjp3,27375
0.00262623671217321,-0.262115545673074,1,1,1,2,Ralgps2,78255
0.000210319076489296,-0.306539713005885,1,1,1,2,Chmp4b,75608
0.00401770693699654,0.319190195050351,1,1,1,0,Man2a2,140481
0.000412118152173223,-0.832312807020355,1,1,1,0,Dmkn,73712
0.00016737660892466,0.802815153861822,1,1,1,0,Tppp3,67971
0.00594245551922159,0.271100925307306,1,1,1,2,Vps13c,320528
2.69535191853298e-07,0.514790225213624,1,1,0.00506618346607459,2,Galnt18,233733
0.000136787530298115,1.83254520866804,1,1,1,1,Krt77,406220
0.00448290157308581,-0.356616326853786,1,1,1,2,Ankrd11,77087
8.68981163616971e-05,1.34889987644925,1,1,1,1,Calm4,80796
0.000696984077814762,-0.435284043172244,1,1,1,2,Adgrl1,330814
0.00881249948398212,-0.260568655813555,1,1,1,1,Myadm,50918
9.64899283329915e-05,0.95800404768045,1,1,1,0,Col16a1,107581
0.00123773698742397,-0.293238275727728,1,1,1,2,Cecr2,330409
0.000554816196959082,-0.254496898243111,1,1,1,2,Znrf1,170737
0.000504289837875596,0.30705915565822,1,1,1,0,Crispld2,78892
0.00136102194649872,0.367228278180666,1,1,1,2,Clmn,94040
0.00472989254420038,-0.309107566800763,1,1,1,0,Fryl,72313
0.001007721618521,0.280340493222385,1,1,1,2,Ctsf,56464
0.000732742293883487,0.621014903042429,1,1,1,1,Acer1,171168
0.00437295584224635,0.465897339759793,1,1,1,0,Cdcp1,109332
0.00120470917992091,-0.638639230517686,1,1,1,2,Gdpd2,71584
0.000200759487192892,0.437789417811419,1,1,1,1,Stard5,170460
0.00429735595102765,-0.389227454120719,1,1,1,2,Abhd2,54608
0.00476667493006228,-0.644087753873805,1,1,1,0,Phyhip,105653
0.00415407347859512,-0.407170651197375,1,1,1,0,Slc44a2,68682
0.000639384779148031,0.407028212523613,1,1,1,2,Vwa1,246228
0.00133324497427236,-0.261181877904177,1,1,1,2,Slco2b1,101488
0.00726558636271542,0.583584391057801,1,1,1,1,Lypd3,72434
0.00655559177313926,-0.324343267621741,1,1,1,0,Tom1l2,216810
0.000339992453112215,-0.793879000734092,1,1,1,2,Slco3a1,108116
0.000210103416420297,-0.448719570179308,1,1,1,2,Fnbp1,14269
0.00243856450100087,0.304351913131238,1,1,1,2,Tspan9,109246
1.06419317657633e-05,-0.353138856592753,0.667,1,0.200025749469287,2,Pglyrp4,384997
0.00352733034041257,0.312339681971568,1,1,1,1,Ahnak2,100041194
0.00064380513816521,-0.254250701555894,1,1,1,2,Arf3,11842
0.000187045153555565,-0.398277027924411,1,1,1,2,Reep3,28193
0.00861857694013492,-0.584495223188146,1,1,1,2,Rasgef1b,320292
2.56697686526097e-05,-0.387074446312588,1,1,0.482488971594451,2,Kazn,71529
0.000476112863565049,-0.463986205033316,1,1,1,2,Foxn3,71375
4.91939561908651e-07,1.63174768682722,1,1,0.009246496005635,2,Adamtsl4,229595
0.00335683610399393,-0.3483329628584,1,1,1,2,Ust,338362
0.00290142688322667,0.272047889197716,1,1,1,0,Med13l,76199
0.00194173717431157,-0.650179997969417,1,1,1,2,Pak6,214230
0.00829229616364045,-0.520448526798501,1,1,1,1,Peli2,93834
0.000225296122202649,-0.41132238718397,1,1,1,2,Cttnbp2,30785
0.00167757231234713,0.295985844506599,1,0.833,1,0,Thsd4,207596
0.000545141070884343,0.396607007008429,1,1,1,2,Ppp2r1b,73699
0.00527616677778102,-0.279359283182446,1,1,1,2,Ptbp3,230257
0.00268019224958624,0.278043436384817,1,1,1,2,Rab6b,270192
0.00174443267960778,-0.789867133844218,1,1,1,2,Fam129b,227737
1.0383545838202e-05,0.568132329160625,1,1,0.195169127574845,2,Exoc3l2,74463
0.00767291098240467,-0.471595238757268,1,1,1,2,Acad9,229211
8.07914892991772e-06,1.07363446048113,1,1,0.151855683286733,0,Col23a1,237759
0.000809745686801339,0.642000430537495,1,1,1,0,Phldb1,102693
0.000486009599356936,-0.336649391743356,1,1,1,0,Vat1,26949
0.000504929348745198,0.314483252160039,1,1,1,2,Palmd,114301
2.56577197793619e-05,-0.304047569100335,1,1,0.482262500972886,2,Zbtb7c,207259
2.63464454399774e-05,0.299145092507236,1,1,0.495207788489815,2,Xylt1,233781
1.11361711107255e-06,0.271950329747726,1,1,0.0209315472197196,2,Scml2,107815
0.000608446262924461,-0.401257035697564,1,1,1,0,Kank1,107351
0.00804901592431101,-0.277209278836799,1,1,1,1,Shisa5,66940
0.00119327981919611,-0.291136589611164,1,1,1,2,Bcl2l13,94044
0.000366985866966487,0.343963287807707,1,1,1,2,Pole4,66979
0.000946623429634616,-0.450347144919645,1,1,1,2,Mill1,266815
0.00675477497184454,-0.926021017350653,1,1,1,2,Sbno2,216161
0.00486956844142295,0.407563921869468,1,1,1,1,Tanc1,66860
0.000125104064484757,0.340470954328658,1,0.833,1,1,Card14,170720
7.44928353739514e-06,0.277916284772318,1,1,0.140016733368879,0,Psd3,234353
0.00270532439923439,-0.293076377337091,1,1,1,1,Ahcyl2,74340
0.00862762813501248,0.415949735886223,1,1,1,2,Rab15,104886
0.0028087632313144,0.266146677643699,1,1,1,2,Upb1,103149
0.00405871344866351,0.671111566848648,1,1,1,1,Tmem45a,56277
0.00289937305492544,-0.790376439848838,1,1,1,2,Als2cl,235633
0.000349382158824731,0.270550339478212,1,1,1,2,Zbtb4,75580
0.000232613801798193,0.274995119365523,1,1,1,2,Sdf4,20318
0.00732187152023293,-0.304550685301436,1,1,1,2,Npl,74091
0.000228356109762589,-0.46608195740525,1,1,1,2,Bzw1,66882
0.00877942644563485,0.306021279611412,1,1,1,2,B4galnt3,330406
0.00146498402713612,0.438789767261632,1,1,1,1,Scel,64929
0.00486711103735145,-1.36587018454617,1,1,1,0,Sbsn,282619
0.000157882669908197,-0.640193069850403,1,1,1,2,Klk11,56538
0.00167781584489851,0.306006074194425,1,1,1,2,Ttll10,330010
0.00031737324179472,0.37369911816625,1,1,1,2,Anapc5,59008
0.00739983927261533,-0.686558753341513,1,1,1,2,Aadac,67758
1.91238795499216e-06,0.553005301316023,1,1,0.0359452440020327,2,Creb5,231991
3.55718294318956e-07,-0.50637275444442,1,1,0.00668608106001909,2,Car13,71934
0.0026696783100971,0.305850562705369,1,1,1,2,Gns,75612
0.00697062866029752,-0.657842667058,1,1,1,2,Avpi1,69534
0.000565784825875689,0.44472987469345,1,1,1,2,Farp1,223254
0.000400355012130383,-0.318978013236181,1,1,1,2,Ssh2,237860
0.00995215758685987,0.32309306812906,1,1,1,0,Trim16,94092
0.000144779990478894,-0.253831276181381,1,1,1,2,Syngr2,20973
0.00631837849126976,0.283183427900627,1,1,1,1,Trafd1,231712
0.0066588986385333,-0.274055034335033,1,1,1,0,Ppfibp2,19024
0.00193829501375285,-0.44984154960041,1,1,1,2,Srrm2,75956
0.00473256670394475,0.457194766368711,1,1,1,1,Bbox1,170442
0.000380940545473176,0.410776667845833,1,1,1,2,Hpcal1,53602
0.000608484917375343,1.98977604334347,1,1,1,1,Krt79,223917
6.26621669831967e-06,-0.298122033703115,1,1,0.117779809061616,2,Ccdc6,76551
0.00218407189202375,-0.304361776713411,1,1,1,0,Dnajb2,56812
0.00133584585468277,-0.294129510054248,1,1,1,2,Frmd4a,209630
0.00102289869560315,-0.764649144816643,1,1,1,2,Wnk2,75607
0.000848533585820102,0.607505834800366,1,1,1,2,Nudt4,71207
0.00207537911354351,-0.296397885314886,1,1,1,0,Tmem64,100201
0.00176957413039496,0.891552944441543,1,1,1,2,Esyt3,272636
0.00241315282433278,-0.258398341081211,1,1,1,2,Cep170b,217882
0.00234575687788419,0.763090003395138,1,1,1,0,Trim47,217333
9.26858592879263e-05,1.12096884380811,1,1,1,2,Thsd1,56229
0.00462852695312293,0.418697464162028,1,1,1,2,Ccdc136,232664
0.00680900079595857,0.275465258486874,1,1,1,1,Paqr5,74090
0.00451968911516425,0.27883791489355,1,1,1,2,Pttg1ip,108705
3.33341850033609e-05,-0.325816699606705,1,1,0.626549341323171,2,Uck2,80914
0.00214473120349246,-0.563207942080231,1,1,1,2,Trp53inp2,68728
0.0037257357235569,-0.286353697141277,1,1,1,2,Samd8,67630
0.00607475364852385,-0.502550252991555,1,1,1,2,Cpxm2,55987
0.00186976288608967,-0.289192362262737,1,1,1,2,Sectm1a,209588
0.00154438099446932,1.33055878254365,1,1,1,2,Trabd2b,666048
0.00644093237833665,-0.318066503364413,1,1,1,2,Zfp692,103836
0.00222390957936899,1.42076315846376,1,1,1,1,Defb6,116746
0.0017521387552097,-0.275864603233081,1,1,1,2,Dennd4c,329877
0.00877890150762724,0.50627861628405,1,1,1,2,Fat2,245827
0.00311558300212755,-0.326150073036318,1,1,1,1,Ccdc3,74186
0.00928697153555774,0.813392535413207,1,1,1,2,Golim4,73124
0.00600683478435237,-0.347990219873229,1,1,1,2,Lad1,16763
0.00396975793215632,-0.264973503719419,1,1,1,2,Nipal4,214112
0.0079274765748379,0.331578244324056,1,1,1,2,Vill,22351
0.00607657563383225,0.934762135421064,1,1,1,1,Ano9,71345
0.00577124382953035,0.783083100954072,1,1,1,2,Nrbp2,223649
0.000740335088701929,-0.351280613973662,1,1,1,2,Tmed5,73130
0.00294128172112876,-0.291555152857831,1,1,1,2,Camsap2,67886
0.000202441574625131,-0.332327490446065,1,1,1,1,Atp8b2,54667
0.000637502756984972,0.279059874392666,1,1,1,1,Wbp1l,226178
0.000163035667568145,1.61381271747954,1,1,1,1,Krtdap,64661
2.86826013530806e-05,-0.318075715141712,1,1,0.539118175032504,2,Elovl7,74559
0.00475885406863575,0.379907886551384,1,1,1,2,Mical2,320878
0.000831262535872033,0.275723877134525,1,1,1,0,Ppp1r18,76448
0.00162765506237361,0.330854489871258,1,1,1,2,Parp8,52552
0.00120946786833451,0.251714510722868,1,1,1,0,Crybg3,224273
0.00623201387377203,-0.429377217002051,1,1,1,2,Arhgap27,544817
1.25450268819139e-05,-0.331530537280041,1,1,0.235796325272453,2,Naa25,231713
0.00057610490695807,0.343018939209393,1,1,1,1,Adgrf4,78249
0.00143824795701952,0.540892386048629,1,1,1,2,Tmem63a,208795
0.00120038046344893,-0.472584310573107,1,1,1,2,Extl1,56219
3.09434613624815e-05,0.269814139296773,1,1,0.581613299769203,0,Zdhhc18,503610
0.00164629807513591,0.389883801502146,1,1,1,2,Eml2,72205
0.00860806145472561,-0.332224628415083,1,1,1,0,Usp54,78787
0.000260549277314264,-0.307251877174481,1,1,1,2,Atxn2l,233871
0.00215236768189734,0.322176413475642,1,1,1,2,Ndufa11,69875
0.000722537070039708,2.00870845742369,1,1,1,2,Tgm5,74176
0.000948367297745356,0.262812205805249,1,1,1,2,Mvb12b,72543
0.00453687043443412,-0.251412317767797,1,1,1,2,Fam53b,77938
0.00271699112678061,0.397451289388825,1,1,1,2,Papln,170721
0.00104956618158283,-0.514628315979551,1,1,1,2,Oas1f,243262
0.00741899261159705,-0.317832080683414,1,1,1,2,Tmem63b,224807
0.000305640332230479,1.37134204941563,1,1,1,2,Vwa2,240675
0.00683825764406279,-0.303579356058851,1,1,1,2,Pgs1,74451
0.00146620906498448,0.497634335038998,1,1,1,2,Ppp2r3a,235542
0.00235988489965118,0.51044070945246,1,1,1,2,Dtx3,80904
0.000942344131866134,-0.602272124083171,1,1,1,2,Trim7,94089
0.00234331821841011,0.351840558790273,1,1,1,2,Zfp395,380912
0.00288170501715098,-0.319253467276853,1,1,1,2,Cachd1,320508
0.00763225611589269,0.786483532335996,1,1,1,2,Klhl29,208439
1.02477474887025e-06,0.371053035044305,1,1,0.0192616661797652,2,Pptc7,320717
0.000155890479638745,0.261660086180303,1,1,1,0,Uhrf1bp1l,75089
0.00095135091018815,-0.261648877952003,1,1,1,2,Pde12,211948
0.00138754498763902,0.521584785143172,1,1,1,2,Serpinb8,20725
0.000290137493213423,-0.372019036800093,1,1,1,2,Fam234b,74525
0.00701370954344378,0.319537918070252,1,1,1,1,Lrrc1,214345
0.00839529862896826,0.398095834478466,1,1,1,0,Uap1,107652
0.00206311299189396,0.716717930796182,1,1,1,1,Susd2,71733
0.00503908693300974,0.420951024957885,1,1,1,1,1810037I17Rik,67704
0.00015527574336278,-0.284238343826201,1,1,1,2,Zc3h7a,106205
0.00795681991352319,0.329428724367457,1,1,1,0,Mast4,328329
0.000649762934744616,0.265329353341548,1,1,1,2,9530068E07Rik,213673
0.00760728734249151,0.727457823512445,1,1,1,1,Zfp750,319530
0.000237598252328537,-0.363523911023196,1,1,1,2,Lacc1,210808
0.00572249267517331,-0.755000815167393,1,1,1,2,Pla2g4f,271844
0.00329101301576589,0.308522886978529,1,1,1,2,Snx7,76561
0.00065735242643799,1.02801014042374,1,1,1,1,Gltp,56356
0.000694795475017983,0.360762999587166,1,1,1,2,Nyap1,243300
0.00273428258907075,0.295890590176625,1,1,1,1,Smagp,207818
6.48140619094087e-05,-0.618092056808072,1,1,1,2,Reep4,72549
0.00337234553873674,-0.427249253901828,1,1,1,2,1700025G04Rik,69399
0.00247978469806648,-0.395997168312424,1,1,1,2,Exph5,320051
0.000484657691071772,0.340753311326146,1,1,1,2,Ankrd24,70615
0.000792221394198591,0.514970185765754,1,1,1,1,Ano7,404545
0.00571249088013128,0.300542813271189,1,1,1,1,Fam57a,116972
0.00011271743959453,0.442346961215037,1,1,1,0,Pqlc1,66943
0.00241223861841152,0.861634429592937,1,1,1,2,Tmtc1,387314
0.000654758063274338,0.790508032388327,1,1,1,1,Ankrd35,213121
0.00838490091039835,-0.283554969522253,1,1,1,0,Ulk3,71742
0.00362115327531068,0.320441441285562,1,1,1,0,Zcchc14,142682
0.00013459337413581,-0.728029483629848,1,1,1,2,Plbd1,66857
0.00335712354295072,0.342017817483874,1,1,1,2,Ogdhl,239017
0.00740781139449735,-0.321141553963241,1,1,1,1,Txndc16,70561
0.000254359565363432,-0.346445977243203,1,1,1,2,Gramd3,107022
0.0019664655133999,-0.269642673978622,1,1,1,0,Fhdc1,229474
0.00024297561629428,0.5216377832073,1,1,1,2,Rnf152,320311
0.000224711175755977,-0.375763610167655,1,1,1,2,Fam43a,224093
6.53801340663519e-05,-0.469255072273099,1,1,1,2,Ubald1,207740
0.00767281053832406,-0.440659406118653,1,1,1,2,Serpina3h,546546
0.00129636395634097,-0.488390056448137,1,1,1,2,Aldh3b2,621603
0.000206581450637108,-0.33654195163748,1,1,1,2,6430548M08Rik,234797
0.00481105021717907,0.270160630638138,1,1,1,1,Slc35f5,74150
0.00765144754918538,-1.4802482601934,1,1,1,0,Calml3,70405
0.00669454802460094,0.561491089152578,1,1,1,1,Skint6,230622
0.00442560981499383,0.279724245008766,1,1,1,2,Gm53,193022
0.00720434739098967,0.352149896229201,1,1,1,2,Nt5c3b,68106
0.00303872509176115,-0.339477444688867,1,1,1,2,Slc25a48,328258
0.000307752621049003,0.261704331611624,1,1,1,1,Rarres1,109222
0.0025404289321177,-0.250926472317381,1,1,1,2,Mettl7a1,70152
0.00977988380481683,0.611766076290726,1,1,1,1,Fam25c,69134
0.000303979623280682,0.505833740177096,1,1,1,1,Sdr16c5,242285
0.00259993810667081,0.538270860044539,1,1,1,1,Clip4,78785
0.0046284669070574,0.306209295810201,1,1,1,2,Rnf208,68846
0.00174408272328692,-0.84227166335781,1,1,1,2,Skint7,328505
4.93979370099081e-05,0.319456382730284,1,1,0.928483624038233,2,Naaladl2,635702
0.00407800660409131,0.263348263760199,1,1,1,1,Mall,228576
0.0065739654716399,0.395305411814519,1,1,1,2,Pogk,71592
0.000769200415562877,-0.300885267929137,1,1,1,2,Gfod1,328232
0.00606358424602535,0.343870105779226,1,1,1,1,Skint8,639774
0.000207676302323576,0.807907854372655,1,1,1,1,Lipm,78753
0.00695656482396054,-0.448854050617718,1,1,1,1,Mtmr11,194126
0.00234795753506597,-0.258149970539712,1,1,1,2,Fam83b,208994
0.00480644026626634,-0.396059965513435,1,1,1,1,Cnksr1,194231
0.000225711636838175,-0.323682698466388,1,1,1,2,AA986860,212439
0.00806775959518668,-0.457373584904402,1,1,1,2,4930523C07Rik,67647
0.000558852339911461,-0.271925788618932,1,1,1,2,2310007B03Rik,71874
0.00133831910169154,-0.333666142555706,1,1,1,2,Fam83c,71405
0.00391997537609578,-0.281016167359042,1,1,1,2,Fam189a2,381217
0.00736537655625199,-0.319572248678769,1,1,1,2,Cyp2w1,545817
0.0018770663132234,0.287333731247735,1,1,1,2,Mturn,68235
0.00110587555026438,-0.274445415435687,1,1,1,2,Klrg2,74253
0.00289468412543345,0.346898520630463,1,1,1,2,Shf,435684
0.000305791369030928,0.51212780515974,1,1,1,1,Skint3,195564
0.0067938621027499,-0.298498823874005,1,1,1,2,Phldb3,232970
0.000336125510598697,0.259651210537735,1,0.333,1,2,Gm16897,320400
